{"_runtime":14.923090354,"_step":2,"tot/val":26.23763084411621,"tot/train":25.72753143310547,"_wandb":{"runtime":15},"_timestamp":1.7588296888085263e+09}