{"_runtime":14.031601651,"_step":1,"tot/train":33.934783935546875,"_wandb":{"runtime":14},"tot/val":34.817684173583984,"_timestamp":1.7588285835245264e+09}