{"_wandb":{"runtime":14},"tot/val":34.817684173583984,"_timestamp":1.7588291678607268e+09,"_runtime":13.826621779,"_step":1,"tot/train":33.934783935546875}