{"tot/train":23.626995086669922,"_wandb":{"runtime":18},"_timestamp":1.758830265493192e+09,"_runtime":17.648153427,"_step":3,"tot/val":26.23763084411621}