{"_step":1,"tot/val":34.817684173583984,"tot/train":33.934783935546875,"_wandb":{"runtime":14},"_timestamp":1.758829293017284e+09,"_runtime":13.698819144}