{"tot/train":29.56171417236328,"_wandb":{"runtime":18},"tot/val":34.817745208740234,"_timestamp":1.7588296371556368e+09,"_runtime":17.359382824,"_step":4}