{"tot/val":26.23763084411621,"_timestamp":1.7588300484545755e+09,"_runtime":17.432033541,"_step":3,"tot/train":23.626995086669922,"_wandb":{"runtime":18}}