{"tot/train":33.934783935546875,"_wandb":{"runtime":34},"tot/val":34.817684173583984,"_timestamp":1.758828410172481e+09,"_runtime":32.350915849,"_step":1}