{"_step":3,"tot/train":23.626995086669922,"_wandb":{"runtime":18},"tot/val":26.23763084411621,"_timestamp":1.7588303923899837e+09,"_runtime":16.92635314}