{"tot/train":23.626995086669922,"_wandb":{"runtime":17},"_step":3,"tot/val":26.23763084411621,"_timestamp":1.758830365678232e+09,"_runtime":16.786309362}