{"_step":1,"tot/train":33.934783935546875,"_wandb":{"runtime":17},"tot/val":34.817684173583984,"_timestamp":1.7588286102597096e+09,"_runtime":16.117068202}