{"_step":1,"tot/val":34.817684173583984,"_timestamp":1.7588283479139197e+09,"_runtime":13.911254526,"tot/train":33.934783935546875,"_wandb":{"runtime":14}}