{"_runtime":13.776519868,"_step":1,"tot/train":33.934783935546875,"_wandb":{"runtime":14},"tot/val":34.817684173583984,"_timestamp":1.7588292258276753e+09}